ID, OBJ, TIME
1,1340719.3787819147,0.10349535942077637
2,385595.141314393,0.009729862213134766
3,2358082.316397791,0.025175094604492188
4,9414648.657045864,0.08884096145629883
5,5803084.0488895215,0.10994577407836914
6,8237249.021486343,0.621741533279419
7,19601066.447944935,1.1504015922546387
8,25770158.44617295,1.1602556705474854
9,15956960.502700906,2.577871561050415
10,21944516.770897012,2.9141945838928223
