ID, OBJ, TIME
1,1340644.427865,0.121840
2,385390.711441,0.013128
3,2357909.406987,0.057000
4,9414419.223124,0.719402
5,5802720.120019,2.073076
6,8236970.426423,7.641076
7,19600823.132435,27.539980
8,25769794.426083,83.451800
9,15956760.642026,219.641585
10,21943277.670570,434.765998
