ID, OBJ, TIME
1,1340719.3787819147,0.09907293319702148
2,385595.141314393,0.008516073226928711
3,2358082.316397791,0.029832839965820312
4,9414648.657045864,0.07799553871154785
5,5803084.0488895215,0.10886979103088379
6,8237249.021486343,0.5755715370178223
7,19601066.447944935,1.0971989631652832
8,25770158.44617295,1.1267812252044678
9,15956960.502700906,2.4280049800872803
10,21944516.770897012,2.5772757530212402
