ID, OBJ, TIME
1,1283844.3447770865,0.9334614276885986
2,385581.015581172,0.5863394737243652
